Workbook

Sheet Dashboard
B2: TED-Ed Channel Performance Analysis
B3: Age-adjusted outlier analysis · 93 long-form videos · last 12 months · snapshot 2026-09-28
B5: VIDEOS ANALYZED | E5: OUTLIERS (≥2x band median) | H5: UNDERPERFORMERS (≤0.5x) | K5: TOP CATEGORY (MEDIAN RATIO)
B6: =COUNTA(Data!A2:A94) -> 93 | E6: =COUNTIF(Data!M2:M94,"Outlier") -> 18 | H6: =COUNTIF(Data!M2:M94,"Underperformer") -> 13 | K6: =INDEX('Pivot Tables'!A6:A10,MATCH(MAX('Pivot Tables'!C6:C10),'Pivot Tables'!C6:C10,0)) -> Health/Psychology

Sheet Data
A1: Title | B1: Upload date | C1: Views | D1: Duration (sec) | E1: URL | F1: Date collected | G1: Is Short | H1: Age in days | I1: Views per day | J1: Age-band median | K1: Band median views | L1: Performance ratio | M1: Flag | N1: Title structure | O1: Topic category | P1: Everyday relevance | Q1: Is series (Think Like a Musician)
A2: Why magnets stumped scientists for so long - Rachel Yang | B2: 46289 | C2: 318509 | D2: 347 | E2: https://www.youtube.com/watch?v=jG7ULeWUfDw | F2: 46293 | G2: =FALSE() -> FALSE | H2: 4 | I2: 79627.25 | J2: 0-30 | K2: 638901.5 | L2: 0.49852599 | M2: Underperformer | N2: Statement | O2: Science | P2: No | Q2: =FALSE() -> FALSE
A3: 4 ways to fix your attention span - Shannon Odell | B3: 46287 | C3: 1609741 | D3: 326 | E3: https://www.youtube.com/watch?v=N2uQWfV6Jr4 | F3: 46293 | G3: =FALSE() -> FALSE | H3: 6 | I3: 268290.17 | J3: 0-30 | K3: 638901.5 | L3: 2.5195449 | M3: Outlier | N3: List | O3: Health/Psychology | P3: Yes | Q3: =FALSE() -> FALSE
A4: Everything you need to know about bird flu - Benjamin Anderson | B4: 46282 | C4: 418323 | D4: 390 | E4: https://www.youtube.com/watch?v=bHB5iiDDJ-s | F4: 46293 | G4: =FALSE() -> FALSE | H4: 11 | I4: 38029.364 | J4: 0-30 | K4: 638901.5 | L4: 0.65475351 | N4: Statement | O4: Health/Psychology | P4: No | Q4: =FALSE() -> FALSE
A5: How to explain something complicated | B5: 46280 | C5: 542871 | D5: 569 | E5: https://www.youtube.com/watch?v=EMbZ72cCAzI | F5: 46293 | G5: =FALSE() -> FALSE | H5: 13 | I5: 41759.308 | J5: 0-30 | K5: 638901.5 | L5: 0.84969436 | N5: Statement | O5: Society | P5: Yes | Q5: =FALSE() -> FALSE
A6: Why do some people have a better sense of direction than others? - Oliver Baumann | B6: 46275 | C6: 1506892 | D6: 354 | E6: https://www.youtube.com/watch?v=I8XaYkRW1tA | F6: 46293 | G6: =FALSE() -> FALSE | H6: 18 | I6: 83716.222 | J6: 0-30 | K6: 638901.5 | L6: 2.358567 | M6: Outlier | N6: Question | O6: Health/Psychology | P6: Yes | Q6: =FALSE() -> FALSE
A7: Ever walk into a room and forget what you were doing? - Gabriel Radvansky | B7: 46273 | C7: 734932 | D7: 345 | E7: https://www.youtube.com/watch?v=_gP3aXvNmv8 | F7: 46293 | G7: =FALSE() -> FALSE | H7: 20 | I7: 36746.6 | J7: 0-30 | K7: 638901.5 | L7: 1.1503056 | N7: Question | O7: Health/Psychology | P7: Yes | Q7: =FALSE() -> FALSE
A8: What are tariffs, and how do they work? | B8: 46268 | C8: 748587 | D8: 340 | E8: https://www.youtube.com/watch?v=BSdEiOYvKpE | F8: 46293 | G8: =FALSE() -> FALSE | H8: 25 | I8: 29943.48 | J8: 0-30 | K8: 638901.5 | L8: 1.1716783 | N8: Question | O8: Society | P8: No | Q8: =FALSE() -> FALSE
A9: 4 ways to tell a great story | B9: 46266 | C9: 522620 | D9: 306 | E9: https://www.youtube.com/watch?v=JOs-q7rXqdk | F9: 46293 | G9: =FALSE() -> FALSE | H9: 27 | I9: 19356.296 | J9: 0-30 | K9: 638901.5 | L9: 0.81799777 | N9: List | O9: Arts/Language | P9: Yes | Q9: =FALSE() -> FALSE
A10: Plato’s infamous Ship of State thought experiment - Michael Vazquez | B10: 46259 | C10: 498616 | D10: 340 | E10: https://www.youtube.com/watch?v=QyRqlTV60zM | F10: 46293 | G10: =FALSE() -> FALSE | H10: 34 | I10: 14665.176 | J10: 31-90 | K10: 351837 | L10: 1.417179 | N10: Statement | O10: History/Culture | P10: No | Q10: =FALSE() -> FALSE
A11: The tragedy of Cassandra, the princess who predicted the fall of Troy - Iseult Gillespie | B11: 46252 | C11: 214746 | D11: 280 | E11: https://www.youtube.com/watch?v=l29K-ZkARmE | F11: 46293 | G11: =FALSE() -> FALSE | H11: 41 | I11: 5237.7073 | J11: 31-90 | K11: 351837 | L11: 0.6103565 | N11: Statement | O11: History/Culture | P11: No | Q11: =FALSE() -> FALSE
A12: How do Maglev trains work? - Ning Zhao | B12: 46245 | C12: 310012 | D12: 388 | E12: https://www.youtube.com/watch?v=2A1IEBFt6Xg | F12: 46293 | G12: =FALSE() -> FALSE | H12: 48 | I12: 6458.5833 | J12: 31-90 | K12: 351837 | L12: 0.88112393 | N12: Question | O12: Science | P12: No | Q12: =FALSE() -> FALSE
A13: The fastest way to board a plane, according to mathematics - Rachel Yang | B13: 46238 | C13: 351837 | D13: 358 | E13: https://www.youtube.com/watch?v=-61qDRPG3to | F13: 46293 | G13: =FALSE() -> FALSE | H13: 55 | I13: 6397.0364 | J13: 31-90 | K13: 351837 | L13: 1 | N13: Statement | O13: Science | P13: Yes | Q13: =FALSE() -> FALSE
A14: Red gold: The world's most expensive spice - Carolyn Beans | B14: 46231 | C14: 288789 | D14: 401 | E14: https://www.youtube.com/watch?v=krNP8RlDsbw | F14: 46293 | G14: =FALSE() -> FALSE | H14: 62 | I14: 4657.8871 | J14: 31-90 | K14: 351837 | L14: 0.82080338 | N14: Statement | O14: History/Culture | P14: No | Q14: =FALSE() -> FALSE
A15: The magical forest realm hiding at the bottom of the ocean - Luka Seamus Wright and Salomé Buglass | B15: 46224 | C15: 141333 | D15: 351 | E15: https://www.youtube.com/watch?v=5jPCAlE0z7I | F15: 46293 | G15: =FALSE() -> FALSE | H15: 69 | I15: 2048.3043 | J15: 31-90 | K15: 351837 | L15: 0.40170022 | M15: Underperformer | N15: Statement | O15: Science | P15: No | Q15: =FALSE() -> FALSE
A16: When did we start using passports? - Kristin Surak | B16: 46217 | C16: 533755 | D16: 369 | E16: https://www.youtube.com/watch?v=JhxuP0AuRPA | F16: 46293 | G16: =FALSE() -> FALSE | H16: 76 | I16: 7023.0921 | J16: 31-90 | K16: 351837 | L16: 1.5170519 | N16: Question | O16: History/Culture | P16: No | Q16: =FALSE() -> FALSE
A17: How does the space station never run out of oxygen? - Alvaro Romero-Calvo and Theo St Francis | B17: 46210 | C17: 413731 | D17: 371 | E17: https://www.youtube.com/watch?v=5ljV0Vxu00M | F17: 46293 | G17: =FALSE() -> FALSE | H17: 83 | I17: 4984.7108 | J17: 31-90 | K17: 351837 | L17: 1.1759167 | N17: Question | O17: Science | P17: No | Q17: =FALSE() -> FALSE
A18: Psychedelics, mind control, radiation-eating: The secret superpowers of fungi - Max G. Levy | B18: 46203 | C18: 362764 | D18: 373 | E18: https://www.youtube.com/watch?v=QIqKGMM8ivM | F18: 46293 | G18: =FALSE() -> FALSE | H18: 90 | I18: 4030.7111 | J18: 31-90 | K18: 351837 | L18: 1.031057 | N18: Statement | O18: Science | P18: No | Q18: =FALSE() -> FALSE
A19: How a broken heart affects your body | B19: 46198 | C19: 369379 | D19: 318 | E19: https://www.youtube.com/watch?v=DbEZmLoGDbk | F19: 46293 | G19: =FALSE() -> FALSE | H19: 95 | I19: 3888.2 | J19: 91-180 | K19: 303633 | L19: 1.2165311 | N19: Statement | O19: Health/Psychology | P19: Yes | Q19: =FALSE() -> FALSE
A20: Why avalanches are most deadly when they stop - Simon Trautman | B20: 46196 | C20: 212241 | D20: 334 | E20: https://www.youtube.com/watch?v=6hCo4S_1Fhw | F20: 46293 | G20: =FALSE() -> FALSE | H20: 97 | I20: 2188.0515 | J20: 91-180 | K20: 303633 | L20: 0.69900505 | N20: Statement | O20: Science | P20: No | Q20: =FALSE() -> FALSE
A21: Should you rinse your dishes before placing them in the dishwasher? - Rachel Yang | B21: 46191 | C21: 306322 | D21: 305 | E21: https://www.youtube.com/watch?v=FBpBUwlDId0 | F21: 46293 | G21: =FALSE() -> FALSE | H21: 102 | I21: 3003.1569 | J21: 91-180 | K21: 303633 | L21: 1.0088561 | N21: Question | O21: Society | P21: Yes | Q21: =FALSE() -> FALSE
A22: How to attack (and defend) a medieval castle - Connor C. Wilson | B22: 46189 | C22: 303633 | D22: 334 | E22: https://www.youtube.com/watch?v=eR5blcjll8o | F22: 46293 | G22: =FALSE() -> FALSE | H22: 104 | I22: 2919.5481 | J22: 91-180 | K22: 303633 | L22: 1 | N22: Statement | O22: History/Culture | P22: No | Q22: =FALSE() -> FALSE
A23: Meet the slow loris, the only venomous primate in existence - Stephanie A. Poindexter | B23: 46184 | C23: 252082 | D23: 360 | E23: https://www.youtube.com/watch?v=JDqpcHGfJ2I | F23: 46293 | G23: =FALSE() -> FALSE | H23: 109 | I23: 2312.6789 | J23: 91-180 | K23: 303633 | L23: 0.83021938 | N23: Statement | O23: Science | P23: No | Q23: =FALSE() -> FALSE
A24: What is sumo, and why is it so popular? - Lee Thompson | B24: 46182 | C24: 170295 | D24: 338 | E24: https://www.youtube.com/watch?v=Q9Vt6NGBVBc | F24: 46293 | G24: =FALSE() -> FALSE | H24: 111 | I24: 1534.1892 | J24: 91-180 | K24: 303633 | L24: 0.56085801 | N24: Question | O24: History/Culture | P24: No | Q24: =FALSE() -> FALSE
A25: Why does catnip make cats go crazy? - Jaap de Roode | B25: 46177 | C25: 359199 | D25: 300 | E25: https://www.youtube.com/watch?v=HDt_rTPPh70 | F25: 46293 | G25: =FALSE() -> FALSE | H25: 116 | I25: 3096.5431 | J25: 91-180 | K25: 303633 | L25: 1.1830038 | N25: Question | O25: Science | P25: No | Q25: =FALSE() -> FALSE
A26: The dark origins of Disney fairy tales - Claudia Schwabe | B26: 46175 | C26: 538050 | D26: 331 | E26: https://www.youtube.com/watch?v=pyDZpDkU46Y | F26: 46293 | G26: =FALSE() -> FALSE | H26: 118 | I26: 4559.7458 | J26: 91-180 | K26: 303633 | L26: 1.7720406 | N26: Statement | O26: Arts/Language | P26: No | Q26: =FALSE() -> FALSE
A27: Why your best ideas usually start as bad ones | Think Like A Musician | B27: 46170 | C27: 81016 | D27: 293 | E27: https://www.youtube.com/watch?v=BlK23YzqXOM | F27: 46293 | G27: =FALSE() -> FALSE | H27: 123 | I27: 658.66667 | J27: 91-180 | K27: 303633 | L27: 0.26682212 | M27: Underperformer | N27: Statement | O27: Arts/Language | P27: Yes | Q27: =TRUE() -> TRUE
A28: What toys have kids played with throughout history? | B28: 46168 | C28: 3212951 | D28: 322 | E28: https://www.youtube.com/watch?v=aob7rM5PV5A | F28: 46293 | G28: =FALSE() -> FALSE | H28: 125 | I28: 25703.608 | J28: 91-180 | K28: 303633 | L28: 10.581692 | M28: Outlier | N28: Question | O28: History/Culture | P28: No | Q28: =FALSE() -> FALSE
A29: The incredible engineering of Venice - Stephanie H. Smith | B29: 46163 | C29: 180032 | D29: 410 | E29: https://www.youtube.com/watch?v=uBwkMc1llmM | F29: 46293 | G29: =FALSE() -> FALSE | H29: 130 | I29: 1384.8615 | J29: 91-180 | K29: 303633 | L29: 0.59292633 | N29: Statement | O29: History/Culture | P29: No | Q29: =FALSE() -> FALSE
A30: Why is getting bitten by a rabid animal so dangerous? - Charles Rupprecht | B30: 46161 | C30: 965552 | D30: 364 | E30: https://www.youtube.com/watch?v=gePOX4nbMU4 | F30: 46293 | G30: =FALSE() -> FALSE | H30: 132 | I30: 7314.7879 | J30: 91-180 | K30: 303633 | L30: 3.1799969 | M30: Outlier | N30: Question | O30: Health/Psychology | P30: No | Q30: =FALSE() -> FALSE
A31: Edgar Allan Poe's story of the Red Death - Iseult Gillespie | B31: 46156 | C31: 150744 | D31: 426 | E31: https://www.youtube.com/watch?v=HdieAFhQtPo | F31: 46293 | G31: =FALSE() -> FALSE | H31: 137 | I31: 1100.3212 | J31: 91-180 | K31: 303633 | L31: 0.49646778 | M31: Underperformer | N31: Statement | O31: Arts/Language | P31: No | Q31: =FALSE() -> FALSE
A32: The missing ingredient in how we learn | B32: 46154 | C32: 1020612 | D32: 350 | E32: https://www.youtube.com/watch?v=mA1lnxfqHk8 | F32: 46293 | G32: =FALSE() -> FALSE | H32: 139 | I32: 7342.5324 | J32: 91-180 | K32: 303633 | L32: 3.3613342 | M32: Outlier | N32: Statement | O32: Health/Psychology | P32: Yes | Q32: =FALSE() -> FALSE
A33: What to do if you live in the path of a volcano - Arianna Soldati | B33: 46149 | C33: 151609 | D33: 316 | E33: https://www.youtube.com/watch?v=8H--GLt3h8I | F33: 46293 | G33: =FALSE() -> FALSE | H33: 144 | I33: 1052.8403 | J33: 91-180 | K33: 303633 | L33: 0.49931661 | M33: Underperformer | N33: Statement | O33: Science | P33: No | Q33: =FALSE() -> FALSE
A34: How to find hidden clues at crime scenes - Theodore E. Yeshion | B34: 46147 | C34: 198493 | D34: 334 | E34: https://www.youtube.com/watch?v=P8OEz3PvWZQ | F34: 46293 | G34: =FALSE() -> FALSE | H34: 146 | I34: 1359.5411 | J34: 91-180 | K34: 303633 | L34: 0.6537267 | N34: Statement | O34: Society | P34: No | Q34: =FALSE() -> FALSE
A35: The fascinating reason you loved peek-a-boo | B35: 46142 | C35: 1331207 | D35: 329 | E35: https://www.youtube.com/watch?v=qKM4JzToM-A | F35: 46293 | G35: =FALSE() -> FALSE | H35: 151 | I35: 8815.9404 | J35: 91-180 | K35: 303633 | L35: 4.3842632 | M35: Outlier | N35: Statement | O35: Health/Psychology | P35: Yes | Q35: =FALSE() -> FALSE
A36: Why do we use "they" as a singular pronoun? - Arika Okrent | B36: 46140 | C36: 158925 | D36: 334 | E36: https://www.youtube.com/watch?v=65I_1sgTMLE | F36: 46293 | G36: =FALSE() -> FALSE | H36: 153 | I36: 1038.7255 | J36: 91-180 | K36: 303633 | L36: 0.52341149 | N36: Question | O36: Arts/Language | P36: No | Q36: =FALSE() -> FALSE
A37: Write every day, even if it’s terrible | Think Like A Musician | B37: 46135 | C37: 74391 | D37: 361 | E37: https://www.youtube.com/watch?v=2x3rJMBVB28 | F37: 46293 | G37: =FALSE() -> FALSE | H37: 158 | I37: 470.82911 | J37: 91-180 | K37: 303633 | L37: 0.24500301 | M37: Underperformer | N37: Statement | O37: Arts/Language | P37: Yes | Q37: =TRUE() -> TRUE
A38: How can you overcome writer’s block? | B38: 46135 | C38: 38310 | D38: 44 | E38: https://www.youtube.com/watch?v=QRA1-6imP3s | F38: 46293 | G38: =TRUE() -> TRUE | H38: 158 | I38: 242.46835 | J38: 91-180 | N38: Question | O38: Arts/Language | P38: Yes | Q38: =FALSE() -> FALSE
A39: Why was this kung fu masterpiece banned? - Gladys Mac | B39: 46133 | C39: 195973 | D39: 307 | E39: https://www.youtube.com/watch?v=NEFmWclWiOw | F39: 46293 | G39: =FALSE() -> FALSE | H39: 160 | I39: 1224.8312 | J39: 91-180 | K39: 303633 | L39: 0.64542721 | N39: Question | O39: Arts/Language | P39: No | Q39: =FALSE() -> FALSE
A40: Why kids need to take more risks | B40: 46128 | C40: 2054804 | D40: 324 | E40: https://www.youtube.com/watch?v=kRAl4Xgs_NU | F40: 46293 | G40: =FALSE() -> FALSE | H40: 165 | I40: 12453.358 | J40: 91-180 | K40: 303633 | L40: 6.7673935 | M40: Outlier | N40: Statement | O40: Health/Psychology | P40: Yes | Q40: =FALSE() -> FALSE
A41: What is "The Thinker" actually thinking about? - Noah Charney | B41: 46126 | C41: 189651 | D41: 356 | E41: https://www.youtube.com/watch?v=dOqqBQ5Ha6Q | F41: 46293 | G41: =FALSE() -> FALSE | H41: 167 | I41: 1135.6347 | J41: 91-180 | K41: 303633 | L41: 0.62460602 | N41: Question | O41: Arts/Language | P41: No | Q41: =FALSE() -> FALSE
A42: Do imaginary friends make you smarter? | B42: 46121 | C42: 1438133 | D42: 315 | E42: https://www.youtube.com/watch?v=qLrnn24C3zU | F42: 46293 | G42: =FALSE() -> FALSE | H42: 172 | I42: 8361.2384 | J42: 91-180 | K42: 303633 | L42: 4.7364186 | M42: Outlier | N42: Question | O42: Health/Psychology | P42: Yes | Q42: =FALSE() -> FALSE
A43: How do snakes swallow animals so much bigger than they are? - Niko Zlotnik | B43: 46119 | C43: 456058 | D43: 407 | E43: https://www.youtube.com/watch?v=m2BE9GZJJbs | F43: 46293 | G43: =FALSE() -> FALSE | H43: 174 | I43: 2621.023 | J43: 91-180 | K43: 303633 | L43: 1.5020041 | N43: Question | O43: Science | P43: No | Q43: =FALSE() -> FALSE
A44: The haunting history of the Paris Catacombs - Stephanie H. Smith | B44: 46114 | C44: 379430 | D44: 369 | E44: https://www.youtube.com/watch?v=ngarNTPMclE | F44: 46293 | G44: =FALSE() -> FALSE | H44: 179 | I44: 2119.7207 | J44: 91-180 | K44: 303633 | L44: 1.2496336 | N44: Statement | O44: History/Culture | P44: No | Q44: =FALSE() -> FALSE
A45: What happens if you eat a silica gel packet? - Vivian Jiang | B45: 46112 | C45: 1696295 | D45: 337 | E45: https://www.youtube.com/watch?v=QWCHnR53oIw | F45: 46293 | G45: =FALSE() -> FALSE | H45: 181 | I45: 9371.7956 | J45: 181+ | K45: 332236 | L45: 5.1056929 | M45: Outlier | N45: Question | O45: Health/Psychology | P45: Yes | Q45: =FALSE() -> FALSE
A46: Do artists really write their own songs? | Think Like A Musician | B46: 46107 | C46: 88964 | D46: 464 | E46: https://www.youtube.com/watch?v=UDdkgOoeNcQ | F46: 46293 | G46: =FALSE() -> FALSE | H46: 186 | I46: 478.30108 | J46: 181+ | K46: 332236 | L46: 0.26777351 | M46: Underperformer | N46: Question | O46: Arts/Language | P46: No | Q46: =TRUE() -> TRUE
A47: How did ancient civilizations brew beer? - Malcolm Purinton | B47: 46105 | C47: 320643 | D47: 384 | E47: https://www.youtube.com/watch?v=D98UJl6Ea6o | F47: 46293 | G47: =FALSE() -> FALSE | H47: 188 | I47: 1705.5479 | J47: 181+ | K47: 332236 | L47: 0.96510613 | N47: Question | O47: History/Culture | P47: No | Q47: =FALSE() -> FALSE
A48: What if your president was chosen via lottery? - Michael Vazquez | B48: 46100 | C48: 184245 | D48: 401 | E48: https://www.youtube.com/watch?v=DDo4rW0DMpk | F48: 46293 | G48: =FALSE() -> FALSE | H48: 193 | I48: 954.63731 | J48: 181+ | K48: 332236 | L48: 0.55456061 | N48: Question | O48: Society | P48: No | Q48: =FALSE() -> FALSE
A49: 3 surprising ways microplastics can enter your body | B49: 46098 | C49: 283672 | D49: 370 | E49: https://www.youtube.com/watch?v=lQRsqMiBTsI | F49: 46293 | G49: =FALSE() -> FALSE | H49: 195 | I49: 1454.7282 | J49: 181+ | K49: 332236 | L49: 0.8538268 | N49: List | O49: Health/Psychology | P49: Yes | Q49: =FALSE() -> FALSE
A50: How long can hair grow? - Maksim Plikus | B50: 46093 | C50: 777964 | D50: 304 | E50: https://www.youtube.com/watch?v=iCBzEZek5cY | F50: 46293 | G50: =FALSE() -> FALSE | H50: 200 | I50: 3889.82 | J50: 181+ | K50: 332236 | L50: 2.3416005 | M50: Outlier | N50: Question | O50: Health/Psychology | P50: Yes | Q50: =FALSE() -> FALSE
A51: What happens when you break a bone? - Gurpreet Baht and Natalie Pang | B51: 46091 | C51: 409393 | D51: 252 | E51: https://www.youtube.com/watch?v=gVXoAbeB8QI | F51: 46293 | G51: =FALSE() -> FALSE | H51: 202 | I51: 2026.698 | J51: 181+ | K51: 332236 | L51: 1.2322355 | N51: Question | O51: Health/Psychology | P51: Yes | Q51: =FALSE() -> FALSE
A52: How to use emergency contraception effectively - Alison Edelman | B52: 46086 | C52: 183997 | D52: 329 | E52: https://www.youtube.com/watch?v=P5pmMe3EarI | F52: 46293 | G52: =FALSE() -> FALSE | H52: 207 | I52: 888.8744 | J52: 181+ | K52: 332236 | L52: 0.55381416 | N52: Statement | O52: Health/Psychology | P52: Yes | Q52: =FALSE() -> FALSE
A53: How hat fashion has evolved throughout history - Alison L. Goodrum | B53: 46084 | C53: 153286 | D53: 298 | E53: https://www.youtube.com/watch?v=-Tw81EQYV_Y | F53: 46293 | G53: =FALSE() -> FALSE | H53: 209 | I53: 733.42584 | J53: 181+ | K53: 332236 | L53: 0.46137685 | M53: Underperformer | N53: Statement | O53: History/Culture | P53: No | Q53: =FALSE() -> FALSE
A54: The biggest mistake lottery winners make | B54: 46079 | C54: 627305 | D54: 383 | E54: https://www.youtube.com/watch?v=wxf_pKCOCBo | F54: 46293 | G54: =FALSE() -> FALSE | H54: 214 | I54: 2931.3318 | J54: 181+ | K54: 332236 | L54: 1.8881307 | N54: Statement | O54: Society | P54: Yes | Q54: =FALSE() -> FALSE
A55: Does hypnosis ever actually work? - Devin Terhune | B55: 46077 | C55: 357350 | D55: 392 | E55: https://www.youtube.com/watch?v=JJdoAMiaLZo | F55: 46293 | G55: =FALSE() -> FALSE | H55: 216 | I55: 1654.3981 | J55: 181+ | K55: 332236 | L55: 1.0755908 | N55: Question | O55: Health/Psychology | P55: No | Q55: =FALSE() -> FALSE
A56: How expert songwriters find the right lyrics | Think Like A Musician | B56: 46072 | C56: 86028 | D56: 517 | E56: https://www.youtube.com/watch?v=MBir652KZPE | F56: 46293 | G56: =FALSE() -> FALSE | H56: 221 | I56: 389.26697 | J56: 181+ | K56: 332236 | L56: 0.25893642 | M56: Underperformer | N56: Statement | O56: Arts/Language | P56: No | Q56: =TRUE() -> TRUE
A57: The biggest myths about Neanderthals - Bruce Hardy | B57: 46070 | C57: 516629 | D57: 430 | E57: https://www.youtube.com/watch?v=EtiC0DVewa4 | F57: 46293 | G57: =FALSE() -> FALSE | H57: 223 | I57: 2316.722 | J57: 181+ | K57: 332236 | L57: 1.5550061 | N57: Statement | O57: History/Culture | P57: No | Q57: =FALSE() -> FALSE
A58: 3 things that can cause painful periods - Chen X. Chen | B58: 46065 | C58: 698419 | D58: 329 | E58: https://www.youtube.com/watch?v=NOaeKRft-gc | F58: 46293 | G58: =FALSE() -> FALSE | H58: 228 | I58: 3063.2412 | J58: 181+ | K58: 332236 | L58: 2.1021774 | M58: Outlier | N58: List | O58: Health/Psychology | P58: Yes | Q58: =FALSE() -> FALSE
A59: The machine that changed our understanding of human history - Max G. Levy | B59: 46063 | C59: 313098 | D59: 379 | E59: https://www.youtube.com/watch?v=XNEHP6qFeCs | F59: 46293 | G59: =FALSE() -> FALSE | H59: 230 | I59: 1361.2957 | J59: 181+ | K59: 332236 | L59: 0.94239637 | N59: Statement | O59: History/Culture | P59: No | Q59: =FALSE() -> FALSE
A60: What is vaginal discharge and why does it happen? - Elizabeth Micks | B60: 46058 | C60: 236378 | D60: 372 | E60: https://www.youtube.com/watch?v=FKUc8vg_Lus | F60: 46293 | G60: =FALSE() -> FALSE | H60: 235 | I60: 1005.8638 | J60: 181+ | K60: 332236 | L60: 0.71147618 | N60: Question | O60: Health/Psychology | P60: Yes | Q60: =FALSE() -> FALSE
A61: Introducing TED Summer School! | B61: 46057 | C61: 30569 | D61: 91 | E61: https://www.youtube.com/watch?v=mnLVpkkQVRU | F61: 46293 | G61: =TRUE() -> TRUE | H61: 236 | I61: 129.52966 | J61: 181+ | N61: Statement | O61: Society | P61: No | Q61: =FALSE() -> FALSE
A62: How much do you really know about Vikings? - Stephanie H. Smith | B62: 46056 | C62: 228759 | D62: 380 | E62: https://www.youtube.com/watch?v=2gPzWP3dcOQ | F62: 46293 | G62: =FALSE() -> FALSE | H62: 237 | I62: 965.22785 | J62: 181+ | K62: 332236 | L62: 0.68854369 | N62: Question | O62: History/Culture | P62: No | Q62: =FALSE() -> FALSE
A63: What causes herpes, and how can you treat it? - Christine Johnston | B63: 46051 | C63: 1056081 | D63: 357 | E63: https://www.youtube.com/watch?v=rdEC52iCQNk | F63: 46293 | G63: =FALSE() -> FALSE | H63: 242 | I63: 4363.9711 | J63: 181+ | K63: 332236 | L63: 3.1787073 | M63: Outlier | N63: Question | O63: Health/Psychology | P63: Yes | Q63: =FALSE() -> FALSE
A64: Father vs. Son: A journey into the underworld - Joseph Mbele | B64: 46049 | C64: 194237 | D64: 357 | E64: https://www.youtube.com/watch?v=QFbQkZT1EEk | F64: 46293 | G64: =FALSE() -> FALSE | H64: 244 | I64: 796.05328 | J64: 181+ | K64: 332236 | L64: 0.58463562 | N64: Statement | O64: Arts/Language | P64: No | Q64: =FALSE() -> FALSE
A65: How top songwriters craft the perfect pop song | Think Like A Musician | B65: 46044 | C65: 95860 | D65: 523 | E65: https://www.youtube.com/watch?v=Lq_TYsGwTfM | F65: 46293 | G65: =FALSE() -> FALSE | H65: 249 | I65: 384.97992 | J65: 181+ | K65: 332236 | L65: 0.28852984 | M65: Underperformer | N65: Statement | O65: Arts/Language | P65: No | Q65: =TRUE() -> TRUE
A66: The infamous JoJo thought experiment - Michael Vazquez and Sarah Stroud | B66: 46042 | C66: 1002355 | D66: 357 | E66: https://www.youtube.com/watch?v=BT93bRX2t68 | F66: 46293 | G66: =FALSE() -> FALSE | H66: 251 | I66: 3993.4462 | J66: 181+ | K66: 332236 | L66: 3.016997 | M66: Outlier | N66: Statement | O66: History/Culture | P66: No | Q66: =FALSE() -> FALSE
A67: Kiranmala: The tale of the princess who conquered Magic Mountain - Malay Bera | B67: 46037 | C67: 236740 | D67: 307 | E67: https://www.youtube.com/watch?v=-bFgGvl4pBQ | F67: 46293 | G67: =FALSE() -> FALSE | H67: 256 | I67: 924.76562 | J67: 181+ | K67: 332236 | L67: 0.71256577 | N67: Statement | O67: Arts/Language | P67: No | Q67: =FALSE() -> FALSE
A68: Will laser blasters ever be possible? - Christopher Baird | B68: 46035 | C68: 173338 | D68: 358 | E68: https://www.youtube.com/watch?v=cmO2ryQ8LcY | F68: 46293 | G68: =FALSE() -> FALSE | H68: 258 | I68: 671.85271 | J68: 181+ | K68: 332236 | L68: 0.52173154 | N68: Question | O68: Science | P68: No | Q68: =FALSE() -> FALSE
A69: Upstairs, downstairs: The life of a British maid - Stephanie Honchell Smith | B69: 46030 | C69: 594944 | D69: 317 | E69: https://www.youtube.com/watch?v=mzREA81VQ34 | F69: 46293 | G69: =FALSE() -> FALSE | H69: 263 | I69: 2262.1445 | J69: 181+ | K69: 332236 | L69: 1.7907271 | N69: Statement | O69: History/Culture | P69: No | Q69: =FALSE() -> FALSE
A70: How Japan saved its biggest city from collapse - Roman Krznaric | B70: 46028 | C70: 409525 | D70: 355 | E70: https://www.youtube.com/watch?v=t0h8Dmni8g8 | F70: 46293 | G70: =FALSE() -> FALSE | H70: 265 | I70: 1545.3774 | J70: 181+ | K70: 332236 | L70: 1.2326328 | N70: Statement | O70: History/Culture | P70: No | Q70: =FALSE() -> FALSE
A71: Which instrument should you play? | Think Like A Musician | B71: 46014 | C71: 188604 | D71: 456 | E71: https://www.youtube.com/watch?v=ybftH3XSd0Q | F71: 46293 | G71: =FALSE() -> FALSE | H71: 279 | I71: 676 | J71: 181+ | K71: 332236 | L71: 0.56768081 | N71: Question | O71: Arts/Language | P71: Yes | Q71: =TRUE() -> TRUE
A72: Was Alexander the Great really that great? - Stephanie Honchell Smith | B72: 46009 | C72: 433039 | D72: 387 | E72: https://www.youtube.com/watch?v=bVjKL1zd-vQ | F72: 46293 | G72: =FALSE() -> FALSE | H72: 284 | I72: 1524.7852 | J72: 181+ | K72: 332236 | L72: 1.3034078 | N72: Question | O72: History/Culture | P72: No | Q72: =FALSE() -> FALSE
A73: Winter got you feeling down? Watch this - Kelly Rohan | B73: 46007 | C73: 293711 | D73: 303 | E73: https://www.youtube.com/watch?v=0RiDPisQAzM | F73: 46293 | G73: =FALSE() -> FALSE | H73: 286 | I73: 1026.9615 | J73: 181+ | K73: 332236 | L73: 0.88404327 | N73: Question | O73: Health/Psychology | P73: Yes | Q73: =FALSE() -> FALSE
A74: What’s the best position to sleep in? - Rachel Marie E. Salas | B74: 46002 | C74: 2157923 | D74: 311 | E74: https://www.youtube.com/watch?v=_GI9-J-sE5k | F74: 46293 | G74: =FALSE() -> FALSE | H74: 291 | I74: 7415.543 | J74: 181+ | K74: 332236 | L74: 6.495151 | M74: Outlier | N74: Question | O74: Health/Psychology | P74: Yes | Q74: =FALSE() -> FALSE
A75: Scientists still don't know the answer to this infamous question - Charles Wallace & Dan Kwartler | B75: 46000 | C75: 606919 | D75: 372 | E75: https://www.youtube.com/watch?v=3ezPMAoxSbw | F75: 46293 | G75: =FALSE() -> FALSE | H75: 293 | I75: 2071.3959 | J75: 181+ | K75: 332236 | L75: 1.8267707 | N75: Statement | O75: Science | P75: No | Q75: =FALSE() -> FALSE
A76: 10 musicians weigh in on what makes for a great performance | Think Like A Musician | B76: 45995 | C76: 88459 | D76: 407 | E76: https://www.youtube.com/watch?v=zrjhaYc-9pg | F76: 46293 | G76: =FALSE() -> FALSE | H76: 298 | I76: 296.84228 | J76: 181+ | K76: 332236 | L76: 0.26625351 | M76: Underperformer | N76: List | O76: Arts/Language | P76: No | Q76: =TRUE() -> TRUE
A77: How comic books can help you learn - Gene Luen Yang | B77: 45993 | C77: 139705 | D77: 327 | E77: https://www.youtube.com/watch?v=ofk-aw5G-FQ | F77: 46293 | G77: =FALSE() -> FALSE | H77: 300 | I77: 465.68333 | J77: 181+ | K77: 332236 | L77: 0.42049928 | M77: Underperformer | N77: Statement | O77: Arts/Language | P77: Yes | Q77: =FALSE() -> FALSE
A78: How one of the world’s richest companies rose to power - Shantel George | B78: 45986 | C78: 594735 | D78: 307 | E78: https://www.youtube.com/watch?v=IpaVpMFBwAE | F78: 46293 | G78: =FALSE() -> FALSE | H78: 307 | I78: 1937.2476 | J78: 181+ | K78: 332236 | L78: 1.790098 | N78: Statement | O78: Society | P78: No | Q78: =FALSE() -> FALSE
A79: This is what happens in your brain when you can’t recall a word - Cella Wright | B79: 45981 | C79: 1357157 | D79: 331 | E79: https://www.youtube.com/watch?v=wtovy-1-QUM | F79: 46293 | G79: =FALSE() -> FALSE | H79: 312 | I79: 4349.8622 | J79: 181+ | K79: 332236 | L79: 4.0849186 | M79: Outlier | N79: Statement | O79: Health/Psychology | P79: Yes | Q79: =FALSE() -> FALSE
A80: What lack of sleep does to the teenage brain - Wendy Troxel | B80: 45979 | C80: 1953004 | D80: 405 | E80: https://www.youtube.com/watch?v=WJhCa12UTsg | F80: 46293 | G80: =FALSE() -> FALSE | H80: 314 | I80: 6219.758 | J80: 181+ | K80: 332236 | L80: 5.8783636 | M80: Outlier | N80: Statement | O80: Health/Psychology | P80: Yes | Q80: =FALSE() -> FALSE
A81: How the lead industry lied to the public for decades - Gerald Markowitz and David Rosner | B81: 45974 | C81: 220890 | D81: 305 | E81: https://www.youtube.com/watch?v=AMKzXZphgyo | F81: 46293 | G81: =FALSE() -> FALSE | H81: 319 | I81: 692.44514 | J81: 181+ | K81: 332236 | L81: 0.66485871 | N81: Statement | O81: Society | P81: No | Q81: =FALSE() -> FALSE
A82: The 3 best predictors of how well you’ll age - Juulia Jylhävä | B82: 45972 | C82: 637210 | D82: 302 | E82: https://www.youtube.com/watch?v=UQdtUaeZWLo | F82: 46293 | G82: =FALSE() -> FALSE | H82: 321 | I82: 1985.0779 | J82: 181+ | K82: 332236 | L82: 1.9179439 | N82: Statement | O82: Health/Psychology | P82: Yes | Q82: =FALSE() -> FALSE
A83: How does leg lengthening surgery work? - Jason Shih Hoellwarth | B83: 45967 | C83: 333350 | D83: 347 | E83: https://www.youtube.com/watch?v=ul-c6a4QkiU | F83: 46293 | G83: =FALSE() -> FALSE | H83: 326 | I83: 1022.546 | J83: 181+ | K83: 332236 | L83: 1.003353 | N83: Question | O83: Health/Psychology | P83: No | Q83: =FALSE() -> FALSE
A84: The best way to become good at something might surprise you - David Epstein | B84: 45965 | C84: 1933970 | D84: 346 | E84: https://www.youtube.com/watch?v=jLOuMXnM5wk | F84: 46293 | G84: =FALSE() -> FALSE | H84: 328 | I84: 5896.25 | J84: 181+ | K84: 332236 | L84: 5.821073 | M84: Outlier | N84: Statement | O84: Health/Psychology | P84: Yes | Q84: =FALSE() -> FALSE
A85: How to become a great singer | Think Like A Musician | B85: 45960 | C85: 145067 | D85: 587 | E85: https://www.youtube.com/watch?v=YtCpZnBhWZ0 | F85: 46293 | G85: =FALSE() -> FALSE | H85: 333 | I85: 435.63664 | J85: 181+ | K85: 332236 | L85: 0.43663841 | M85: Underperformer | N85: Statement | O85: Arts/Language | P85: Yes | Q85: =TRUE() -> TRUE
A86: Japan's most famous ghost story - Jeffrey Angles | B86: 45958 | C86: 403258 | D86: 340 | E86: https://www.youtube.com/watch?v=56F0Y33QZnQ | F86: 46293 | G86: =FALSE() -> FALSE | H86: 335 | I86: 1203.7552 | J86: 181+ | K86: 332236 | L86: 1.2137697 | N86: Statement | O86: Arts/Language | P86: No | Q86: =FALSE() -> FALSE
A87: What’s the best way to lift people out of poverty? | B87: 45953 | C87: 1133651 | D87: 337 | E87: https://www.youtube.com/watch?v=_gTgloPR0Aw | F87: 46293 | G87: =FALSE() -> FALSE | H87: 340 | I87: 3334.2676 | J87: 181+ | K87: 332236 | L87: 3.4121859 | M87: Outlier | N87: Question | O87: Society | P87: No | Q87: =FALSE() -> FALSE
A88: History vs. Russia’s most infamous empress - Carolyn Harris | B88: 45951 | C88: 324852 | D88: 391 | E88: https://www.youtube.com/watch?v=uJ_d-UD0xPE | F88: 46293 | G88: =FALSE() -> FALSE | H88: 342 | I88: 949.85965 | J88: 181+ | K88: 332236 | L88: 0.97777483 | N88: Statement | O88: History/Culture | P88: No | Q88: =FALSE() -> FALSE
A89: Why don't we send our trash to space? - Jim Bentley and Imogen Ellen Napper | B89: 45946 | C89: 201199 | D89: 323 | E89: https://www.youtube.com/watch?v=PN4moDNE-Kg | F89: 46293 | G89: =FALSE() -> FALSE | H89: 347 | I89: 579.82421 | J89: 181+ | K89: 332236 | L89: 0.6055906 | N89: Question | O89: Science | P89: No | Q89: =FALSE() -> FALSE
A90: Are vampire bats dangerous? - Imran Razik | B90: 45944 | C90: 199505 | D90: 359 | E90: https://www.youtube.com/watch?v=H5DhD5Nwl_0 | F90: 46293 | G90: =FALSE() -> FALSE | H90: 349 | I90: 571.64756 | J90: 181+ | K90: 332236 | L90: 0.60049182 | N90: Question | O90: Science | P90: No | Q90: =FALSE() -> FALSE
A91: Inside the mind of a drummer | Think Like A Musician | B91: 45939 | C91: 220613 | D91: 453 | E91: https://www.youtube.com/watch?v=yYPnos84NDY | F91: 46293 | G91: =FALSE() -> FALSE | H91: 354 | I91: 623.20056 | J91: 181+ | K91: 332236 | L91: 0.66402497 | N91: Statement | O91: Arts/Language | P91: No | Q91: =TRUE() -> TRUE
A92: How exactly do inhalers work? - Anna Rothschild | B92: 45937 | C92: 446423 | D92: 280 | E92: https://www.youtube.com/watch?v=8hgEorF0vyY | F92: 46293 | G92: =FALSE() -> FALSE | H92: 356 | I92: 1253.9972 | J92: 181+ | K92: 332236 | L92: 1.3436924 | N92: Question | O92: Health/Psychology | P92: No | Q92: =FALSE() -> FALSE
A93: Your phone’s camera isn’t as good as you think - Rachel Yang | B93: 45932 | C93: 332236 | D93: 260 | E93: https://www.youtube.com/watch?v=7dm2AsJ3-E8 | F93: 46293 | G93: =FALSE() -> FALSE | H93: 361 | I93: 920.32133 | J93: 181+ | K93: 332236 | L93: 1 | N93: Statement | O93: Science | P93: Yes | Q93: =FALSE() -> FALSE
A94: The Greek myth of the Fates’ prophecy - Iseult Gillespie | B94: 45930 | C94: 537515 | D94: 295 | E94: https://www.youtube.com/watch?v=B-ukcWJzXwc | F94: 46293 | G94: =FALSE() -> FALSE | H94: 363 | I94: 1480.7576 | J94: 181+ | K94: 332236 | L94: 1.617871 | N94: Statement | O94: Arts/Language | P94: No | Q94: =FALSE() -> FALSE

Sheet Pivot Tables
A1: Grouped Performance Summary
A2: All medians are Performance Ratio (video views ÷ median views of same age band). 1.0 = typical for its age.
A4: By Topic Category
A5: Group | B5: Count | C5: Median Ratio | D5: Outliers | E5: Underperformers
A6: Health/Psychology | B6: =COUNTIF(Data!$O$2:$O$94,"Health/Psychology") -> 27 | C6: {=MEDIAN(IF(Data!$O$2:$O$94="Health/Psychology",Data!$L$2:$L$94))} -> 2.3416005 | D6: =COUNTIFS(Data!$O$2:$O$94,"Health/Psychology",Data!$M$2:$M$94,"Outlier") -> 15 | E6: =COUNTIFS(Data!$O$2:$O$94,"Health/Psychology",Data!$M$2:$M$94,"Underperformer") -> 0
A7: Society | B7: =COUNTIF(Data!$O$2:$O$94,"Society") -> 10 | C7: {=MEDIAN(IF(Data!$O$2:$O$94="Society",Data!$L$2:$L$94))} -> 1.0088561 | D7: =COUNTIFS(Data!$O$2:$O$94,"Society",Data!$M$2:$M$94,"Outlier") -> 1 | E7: =COUNTIFS(Data!$O$2:$O$94,"Society",Data!$M$2:$M$94,"Underperformer") -> 0
A8: History/Culture | B8: =COUNTIF(Data!$O$2:$O$94,"History/Culture") -> 19 | C8: {=MEDIAN(IF(Data!$O$2:$O$94="History/Culture",Data!$L$2:$L$94))} -> 1 | D8: =COUNTIFS(Data!$O$2:$O$94,"History/Culture",Data!$M$2:$M$94,"Outlier") -> 2 | E8: =COUNTIFS(Data!$O$2:$O$94,"History/Culture",Data!$M$2:$M$94,"Underperformer") -> 1
A9: Science | B9: =COUNTIF(Data!$O$2:$O$94,"Science") -> 16 | C9: {=MEDIAN(IF(Data!$O$2:$O$94="Science",Data!$L$2:$L$94))} -> 0.85567165 | D9: =COUNTIFS(Data!$O$2:$O$94,"Science",Data!$M$2:$M$94,"Outlier") -> 0 | E9: =COUNTIFS(Data!$O$2:$O$94,"Science",Data!$M$2:$M$94,"Underperformer") -> 3
A10: Arts/Language | B10: =COUNTIF(Data!$O$2:$O$94,"Arts/Language") -> 21 | C10: {=MEDIAN(IF(Data!$O$2:$O$94="Arts/Language",Data!$L$2:$L$94))} -> 0.54554615 | D10: =COUNTIFS(Data!$O$2:$O$94,"Arts/Language",Data!$M$2:$M$94,"Outlier") -> 0 | E10: =COUNTIFS(Data!$O$2:$O$94,"Arts/Language",Data!$M$2:$M$94,"Underperformer") -> 9
A13: By Title Structure
A14: Group | B14: Count | C14: Median Ratio | D14: Outliers | E14: Underperformers
A15: Question | B15: =COUNTIF(Data!$N$2:$N$94,"Question") -> 37 | C15: {=MEDIAN(IF(Data!$N$2:$N$94="Question",Data!$L$2:$L$94))} -> 1.1129482 | D15: =COUNTIFS(Data!$N$2:$N$94,"Question",Data!$M$2:$M$94,"Outlier") -> 9 | E15: =COUNTIFS(Data!$N$2:$N$94,"Question",Data!$M$2:$M$94,"Underperformer") -> 1
A16: Statement | B16: =COUNTIF(Data!$N$2:$N$94,"Statement") -> 51 | C16: {=MEDIAN(IF(Data!$N$2:$N$94="Statement",Data!$L$2:$L$94))} -> 0.9600856 | D16: =COUNTIFS(Data!$N$2:$N$94,"Statement",Data!$M$2:$M$94,"Outlier") -> 7 | E16: =COUNTIFS(Data!$N$2:$N$94,"Statement",Data!$M$2:$M$94,"Underperformer") -> 11
A17: List | B17: =COUNTIF(Data!$N$2:$N$94,"List") -> 5 | C17: {=MEDIAN(IF(Data!$N$2:$N$94="List",Data!$L$2:$L$94))} -> 0.8538268 | D17: =COUNTIFS(Data!$N$2:$N$94,"List",Data!$M$2:$M$94,"Outlier") -> 2 | E17: =COUNTIFS(Data!$N$2:$N$94,"List",Data!$M$2:$M$94,"Underperformer") -> 1
A20: By Everyday Relevance
A21: Group | B21: Count | C21: Median Ratio | D21: Outliers | E21: Underperformers
A22: Yes | B22: =COUNTIF(Data!$P$2:$P$94,"Yes") -> 34 | C22: {=MEDIAN(IF(Data!$P$2:$P$94="Yes",Data!$L$2:$L$94))} -> 1.2322355 | D22: =COUNTIFS(Data!$P$2:$P$94,"Yes",Data!$M$2:$M$94,"Outlier") -> 14 | E22: =COUNTIFS(Data!$P$2:$P$94,"Yes",Data!$M$2:$M$94,"Underperformer") -> 4
A23: No | B23: =COUNTIF(Data!$P$2:$P$94,"No") -> 59 | C23: {=MEDIAN(IF(Data!$P$2:$P$94="No",Data!$L$2:$L$94))} -> 0.85567165 | D23: =COUNTIFS(Data!$P$2:$P$94,"No",Data!$M$2:$M$94,"Outlier") -> 4 | E23: =COUNTIFS(Data!$P$2:$P$94,"No",Data!$M$2:$M$94,"Underperformer") -> 9
A26: Think Like a Musician Series vs. Rest
A27: Group | B27: Count | C27: Median Ratio | D27: Outliers | E27: Underperformers
A28: Series (Think Like a Musician) | B28: =COUNTIF(Data!$Q$2:$Q$94,TRUE()) -> 9 | C28: {=MEDIAN(IF(Data!$Q$2:$Q$94=TRUE(),Data!$L$2:$L$94))} -> 0.26777351 | D28: =COUNTIFS(Data!$Q$2:$Q$94,TRUE(),Data!$M$2:$M$94,"Outlier") -> 0 | E28: =COUNTIFS(Data!$Q$2:$Q$94,TRUE(),Data!$M$2:$M$94,"Underperformer") -> 7
A29: All other videos | B29: =COUNTIF(Data!$Q$2:$Q$94,FALSE()) -> 84 | C29: {=MEDIAN(IF(Data!$Q$2:$Q$94=FALSE(),Data!$L$2:$L$94))} -> 1.0533239 | D29: =COUNTIFS(Data!$Q$2:$Q$94,FALSE(),Data!$M$2:$M$94,"Outlier") -> 18 | E29: =COUNTIFS(Data!$Q$2:$Q$94,FALSE(),Data!$M$2:$M$94,"Underperformer") -> 6

Sheet Notes
A1: Methodology & Limitations
A3: Scope: 93 long-form TED-Ed videos uploaded in the last ~12 months (2 videos under 180 seconds were tagged as Shorts and excluded from band medians). Data pulled via the YouTube Data API v3 and snapshotted on 2026-09-28.
A5: Age-adjustment: Raw view counts favor older videos, which have had more time to accumulate views. Each video is compared only to others uploaded in the same age band (0-30, 31-90, 91-180, 181+ days), using the median views of that band as the baseline. Performance Ratio = video views ÷ its band's median views. 1.0 = typical for its age; 2.0 = twice the typical performance.
A7: Flags: 'Outlier' = ratio ≥ 2.0. 'Underperformer' = ratio ≤ 0.5. These thresholds are a judgment call, not an industry standard.
A9: Tagging: Title structure was assigned by rule (starts with a digit = List; contains '?' = Question; otherwise Statement). Topic category and Everyday Relevance were assigned by manual judgment against a fixed rule set, and are the most subjective part of this analysis.
A11: Limitations: This uses public view counts only — no CTR, impressions, traffic-source, or retention data, which YouTube Studio would provide. Some age bands (especially 0-30 and 31-90 days) have small sample sizes, so their medians should be read as directional, not conclusive. Correlation shown here is not evidence of causation.
A13: Suggested next tests with Studio access: compare CTR and impressions across the outlier vs. typical Health/Psychology videos to see whether the lift comes from packaging or content; check traffic-source split (search vs. suggested vs. browse) on the top 5 outliers; run a retention-curve comparison between the highest- and lowest-ratio videos within the same age band.
